route_number,route_lat_long
1,"33.792875,-84.3898599;33.7879265,-84.3721682;33.7663441,-84.3562588;33.7529948,-84.3636479;33.7911111,-84.3997222;33.763396,-84.3938264"
2,"33.7663441,-84.3562588;33.759476,-84.392867;33.719509,-84.4812907;33.7589378,-84.3916921;33.763396,-84.3938264;33.763382,-84.3951098;33.7625707,-84.3917327;33.7529948,-84.3636479;33.8418797,-84.3862534"
3,"33.760463,-84.3930831;33.8404395,-84.3875917;33.7625707,-84.3917327;33.792875,-84.3898599;33.8418797,-84.3862534;33.763382,-84.3951098;33.7566739,-84.3731798;33.7663441,-84.3562588;33.7900632,-84.385552"
4,"33.7625707,-84.3917327;33.763382,-84.3951098;33.719509,-84.4812907;33.759476,-84.392867;33.7529948,-84.3636479;33.760463,-84.3930831;33.735704,-84.371164"
5,"33.7900632,-84.385552;33.763396,-84.3938264;33.7589378,-84.3916921;33.7566739,-84.3731798;33.7911111,-84.3997222;33.7663441,-84.3562588;33.8418797,-84.3862534;33.7899568,-84.3725988;33.760463,-84.3930831"
